{
  "model/models.js": 1716369222785,
  "controller/LiabilityReportListnew.controller.js": 1716795272503,
  "i18n/i18n.properties": 1716369258881,
  "manifest.json": 1716834833248,
  "controller/App.controller.js": 1716369222789,
  "Component.js": 1716369222773,
  "Component-preload.js": 1716834833543,
  "controller/App-dbg.controller.js": 1716369222789,
  "controller/LiabilityReportListnew-dbg.controller.js": 1716795272503,
  "model/models-dbg.js": 1716369222785,
  "Component-dbg.js": 1716369222773,
  "view/LiabilityReportListnew.view.xml": 1716544118038,
  "view/App.view.xml": 1716369222789,
  "img/logo.png": 1716369583526,
  "css/style.css": 1716534384337,
  "index.html": 1716369222777
}