{
  "view/App.view.xml": 1715581675505,
  "controller/App.controller.js": 1715581675501,
  "model/models.js": 1715581675501,
  "manifest.json": 1716834809088,
  "controller/Aging.controller.js": 1715581675505,
  "Component.js": 1715581675485,
  "Component-preload.js": 1716834809413,
  "controller/App-dbg.controller.js": 1715581675501,
  "model/models-dbg.js": 1715581675501,
  "controller/Aging-dbg.controller.js": 1715581675505,
  "Component-dbg.js": 1715581675485,
  "i18n/i18n.properties": 1715581693220,
  "view/Aging.view.xml": 1715842928665,
  "img/logo.png": 1715842721432,
  "css/style.css": 1715581675501,
  "index.html": 1715581675489
}