{
  "controller/LiabilityReportList.controller.js": 1716368960087,
  "Component.js": 1716368960071,
  "model/models.js": 1716368960079,
  "i18n/i18n.properties": 1716368960075,
  "controller/App.controller.js": 1716368960079,
  "manifest.json": 1716834829558,
  "Component-preload.js": 1716834829852,
  "controller/App-dbg.controller.js": 1716368960079,
  "controller/LiabilityReportList-dbg.controller.js": 1716368960087,
  "model/models-dbg.js": 1716368960079,
  "Component-dbg.js": 1716368960071,
  "view/LiabilityReportList.view.xml": 1716368960087,
  "view/App.view.xml": 1716368960087,
  "css/style.css": 1716368960083,
  "index.html": 1716368960071
}